time,ip_version,client,server,prediction,confidence,top3,n_client_before_server
2026-09-27T16:45:31,6,2405:201:c02b:6844:5f3:b70c:ee63:8e02:53584,2001:4860:4847:400:::443,other,0.5477,"other 55%, youtube 9%, microsoft-outlook 8%",2
2026-09-27T16:45:33,6,2405:201:c02b:6844:5f3:b70c:ee63:8e02:52043,2404:6800:4013:807::66:443,other,0.6128,"other 61%, instagram 9%, youtube 7%",2
2026-09-27T16:45:33,6,2405:201:c02b:6844:5f3:b70c:ee63:8e02:53008,2001:4860:4827:400:::443,other,0.5615,"other 56%, youtube 9%, instagram 8%",2
2026-09-27T16:45:33,4,192.168.29.221:64802,192.178.177.100:443,other,0.9801,"other 98%, youtube 1%, google-play 1%",2
2026-09-27T16:45:33,6,2405:201:c02b:6844:5f3:b70c:ee63:8e02:63306,2404:6800:4003:c24::77:443,other,0.55,"other 55%, youtube 11%, microsoft-outlook 11%",2
2026-09-27T16:45:33,6,2405:201:c02b:6844:5f3:b70c:ee63:8e02:62309,2404:6800:4013:800::84:443,other,0.6197,"other 62%, youtube 14%, instagram 8%",2
2026-09-27T16:45:34,6,2405:201:c02b:6844:5f3:b70c:ee63:8e02:63405,2606:4700:9ae2:c690:14c7:b4a:50e2:d573:443,other,0.5445,"other 54%, youtube 16%, google-play 6%",2
2026-09-27T16:45:34,6,2405:201:c02b:6844:5f3:b70c:ee63:8e02:63971,2405:200:161f:1716::e:443,other,0.4657,"other 47%, youtube 24%, microsoft-outlook 9%",2
2026-09-27T16:45:34,6,2405:201:c02b:6844:5f3:b70c:ee63:8e02:53675,2404:6800:4007:12::8:443,other,0.521,"other 52%, youtube 16%, microsoft-outlook 9%",2
2026-09-27T16:45:35,6,2405:201:c02b:6844:5f3:b70c:ee63:8e02:63855,2606:50c0:8000::215:443,UNKNOWN,0.3391,"youtube 34%, other 23%, spotify 15%",2
2026-09-27T16:45:35,4,192.168.29.221:61502,192.178.177.100:443,other,0.9298,"other 93%, youtube 6%, spotify 0%",4
2026-09-27T16:45:35,6,2405:201:c02b:6844:5f3:b70c:ee63:8e02:64500,2a03:2880:f315:120:face:b00c:0:167:443,facebook-web,0.3937,"facebook-web 39%, instagram 30%, whatsapp 18%",3
2026-09-27T16:45:36,6,2405:201:c02b:6844:5f3:b70c:ee63:8e02:64988,2405:200:1630:b98::12:443,other,0.547,"other 55%, youtube 14%, microsoft-outlook 9%",2
2026-09-27T16:45:37,6,2405:201:c02b:6844:5f3:b70c:ee63:8e02:52295,2405:200:160a:1702::10:443,other,0.5197,"other 52%, youtube 19%, microsoft-outlook 10%",2
2026-09-27T16:45:37,6,2405:201:c02b:6844:5f3:b70c:ee63:8e02:53069,2001:4860:4827:400:::443,other,0.5358,"other 54%, youtube 9%, discord 8%",4
2026-09-27T16:45:38,6,2405:201:c02b:6844:5f3:b70c:ee63:8e02:55691,2404:6800:4013:800::84:443,other,0.6129,"other 61%, instagram 9%, youtube 8%",2
2026-09-27T16:45:38,6,2405:201:c02b:6844:5f3:b70c:ee63:8e02:59748,2404:6800:4007:80b::2003:443,other,0.6222,"other 62%, instagram 12%, youtube 7%",2
2026-09-27T16:45:38,6,2405:201:c02b:6844:5f3:b70c:ee63:8e02:58083,2404:6800:4007:83a::2002:443,other,0.5782,"other 58%, microsoft-outlook 11%, youtube 9%",2
2026-09-27T16:45:39,6,2405:201:c02b:6844:5f3:b70c:ee63:8e02:63024,2404:6800:4013:813::9c:443,other,0.6477,"other 65%, instagram 9%, youtube 9%",2
2026-09-27T16:45:39,6,2405:201:c02b:6844:5f3:b70c:ee63:8e02:52792,2600:1901:0:47fc:::443,other,0.6064,"other 61%, instagram 8%, youtube 7%",2
2026-09-27T16:45:40,6,2405:201:c02b:6844:5f3:b70c:ee63:8e02:54690,2404:6800:4002:831::2006:443,other,0.637,"other 64%, microsoft-outlook 8%, youtube 8%",2
2026-09-27T16:45:40,6,2405:201:c02b:6844:5f3:b70c:ee63:8e02:57136,2607:f8b0:4000:1e::a:443,other,0.4735,"other 47%, youtube 20%, microsoft-outlook 10%",2
2026-09-27T16:45:41,6,2405:201:c02b:6844:5f3:b70c:ee63:8e02:53877,2001:4860:482d:7700:::443,other,0.5713,"other 57%, microsoft-outlook 10%, youtube 9%",2
2026-09-27T16:45:41,6,2405:201:c02b:6844:5f3:b70c:ee63:8e02:52059,2404:6800:4007:807::2003:443,other,0.5787,"other 58%, instagram 9%, microsoft-outlook 9%",2
2026-09-27T16:45:42,6,2405:201:c02b:6844:5f3:b70c:ee63:8e02:59092,2404:6800:4013:807::66:443,other,0.603,"other 60%, instagram 10%, microsoft-outlook 9%",2
2026-09-27T16:45:46,6,2405:201:c02b:6844:5f3:b70c:ee63:8e02:56620,2404:6800:4013:813::9c:443,other,0.469,"other 47%, youtube 14%, discord 11%",5
2026-09-27T16:46:00,6,2405:201:c02b:6844:5f3:b70c:ee63:8e02:63782,2001:4860:4846:400:::443,other,0.6027,"other 60%, microsoft-outlook 7%, facebook-web 6%",2
2026-09-27T16:46:06,6,2405:201:c02b:6844:5f3:b70c:ee63:8e02:52157,2a03:2880:f315:120:face:b00c:0:167:443,facebook-web,0.3917,"facebook-web 39%, instagram 28%, whatsapp 27%",2
2026-09-27T16:46:28,4,192.168.29.221:63584,192.178.177.100:443,other,0.9334,"other 93%, youtube 5%, google-play 1%",4
2026-09-27T16:46:35,6,2405:201:c02b:6844:5f3:b70c:ee63:8e02:50204,2a03:2880:f285:d0:face:b00c:0:167:443,whatsapp,0.4974,"whatsapp 50%, facebook-web 27%, instagram 19%",2
2026-09-27T16:46:35,6,2405:201:c02b:6844:5f3:b70c:ee63:8e02:61959,2a03:2880:f315:120:face:b00c:0:167:443,whatsapp,0.4884,"whatsapp 49%, instagram 24%, facebook-web 22%",3
2026-09-27T16:46:39,6,2405:201:c02b:6844:5f3:b70c:ee63:8e02:65465,2600:1901:0:47fc:::443,spotify,0.4214,"spotify 42%, other 17%, youtube 7%",2
2026-09-27T16:47:36,6,2405:201:c02b:6844:5f3:b70c:ee63:8e02:55357,2a03:2880:f33d:120:face:b00c:0:167:443,instagram,0.3609,"instagram 36%, whatsapp 29%, facebook-web 26%",4
2026-09-27T16:49:29,6,2405:201:c02b:6844:5f3:b70c:ee63:8e02:59831,2404:6800:4007:805::2001:443,other,0.5583,"other 56%, youtube 12%, instagram 10%",2
2026-09-27T16:49:31,6,2405:201:c02b:6844:5f3:b70c:ee63:8e02:59317,2404:6800:4007:834::200e:443,other,0.5395,"other 54%, instagram 11%, youtube 11%",2
2026-09-27T16:49:31,4,192.168.29.221:64911,142.250.206.46:443,other,0.9791,"other 98%, spotify 1%, google-play 1%",2
2026-09-27T16:49:31,6,2405:201:c02b:6844:5f3:b70c:ee63:8e02:55625,2001:4860:4826:400:::443,other,0.5835,"other 58%, instagram 11%, youtube 9%",2
2026-09-27T16:49:32,6,2405:201:c02b:6844:5f3:b70c:ee63:8e02:55038,2404:6800:4003:c0f::77:443,other,0.6085,"other 61%, youtube 11%, instagram 9%",2
2026-09-27T16:49:33,4,192.168.29.221:50458,142.250.206.46:443,other,0.9258,"other 93%, youtube 3%, google-play 3%",4
2026-09-27T16:49:34,6,2405:201:c02b:6844:5f3:b70c:ee63:8e02:60553,2404:6800:4013:813::9d:443,other,0.6082,"other 61%, youtube 9%, microsoft-outlook 8%",2
2026-09-27T16:49:34,6,2405:201:c02b:6844:5f3:b70c:ee63:8e02:61613,2404:6800:4002:818::2003:443,other,0.6079,"other 61%, instagram 11%, youtube 8%",2
2026-09-27T16:49:34,6,2405:201:c02b:6844:5f3:b70c:ee63:8e02:61343,2001:4860:4828:7700:::443,other,0.6226,"other 62%, instagram 9%, facebook-web 7%",2
2026-09-27T16:49:34,6,2405:201:c02b:6844:5f3:b70c:ee63:8e02:50347,2a00:1450:4006:1::7:443,other,0.4358,"other 44%, youtube 22%, microsoft-outlook 10%",2
2026-09-27T16:49:35,6,2405:201:c02b:6844:5f3:b70c:ee63:8e02:62800,2404:6800:4013:807::8b:443,other,0.5951,"other 60%, instagram 12%, youtube 9%",2
2026-09-27T16:49:36,6,2405:201:c02b:6844:5f3:b70c:ee63:8e02:64223,2405:200:160a:1702::12:443,other,0.5797,"other 58%, youtube 15%, instagram 11%",2
2026-09-27T16:49:37,6,2405:201:c02b:6844:5f3:b70c:ee63:8e02:57683,2405:200:160a:1702::d:443,youtube,0.3698,"youtube 37%, other 35%, microsoft-outlook 9%",2
2026-09-27T16:49:38,6,2405:201:c02b:6844:5f3:b70c:ee63:8e02:57863,2405:200:160a:1702::10:443,other,0.4545,"other 45%, youtube 25%, microsoft-outlook 8%",2
2026-09-27T16:49:38,6,2405:201:c02b:6844:5f3:b70c:ee63:8e02:53663,2404:6800:4002:828::2002:443,other,0.6213,"other 62%, instagram 11%, youtube 7%",2
2026-09-27T16:49:38,6,2405:201:c02b:6844:5f3:b70c:ee63:8e02:55752,2404:6800:4013:800::84:443,other,0.6416,"other 64%, instagram 9%, youtube 8%",2
2026-09-27T16:49:58,6,2405:201:c02b:6844:5f3:b70c:ee63:8e02:55228,2001:4860:4844:400:::443,other,0.6299,"other 63%, instagram 10%, youtube 8%",2
2026-09-27T16:50:25,4,192.168.29.221:58858,142.250.206.46:443,other,0.8783,"other 88%, youtube 8%, spotify 4%",4
2026-09-27T16:50:32,6,2405:201:c02b:6844:5f3:b70c:ee63:8e02:54371,2a03:2880:f33d:120:face:b00c:0:167:443,whatsapp,0.5568,"whatsapp 56%, instagram 28%, facebook-web 14%",3
2026-09-27T16:50:33,6,2405:201:c02b:6844:5f3:b70c:ee63:8e02:61015,2405:200:1630:203c:face:b00c:3333:7020:443,whatsapp,0.6378,"whatsapp 64%, instagram 17%, facebook-web 15%",2
2026-09-27T16:57:12,6,2405:201:c02b:6844:5f3:b70c:ee63:8e02:50545,2405:200:160a:1702::d:443,UNKNOWN,0.3285,"youtube 33%, other 28%, discord 9%",4
2026-09-27T16:57:28,6,2405:201:c02b:6844:5f3:b70c:ee63:8e02:55146,2001:4860:4829:400:::443,other,0.428,"other 43%, youtube 19%, instagram 10%",4
2026-09-27T16:58:02,6,2405:201:c02b:6844:5f3:b70c:ee63:8e02:52197,2600:140f:3::6856:bc38:443,other,0.6401,"other 64%, youtube 9%, instagram 8%",2
2026-09-27T16:58:04,6,2405:201:c02b:6844:5f3:b70c:ee63:8e02:62669,2001:4860:4828:7700:::443,other,0.5885,"other 59%, instagram 13%, youtube 8%",2
2026-09-27T16:58:04,6,2405:201:c02b:6844:5f3:b70c:ee63:8e02:53562,2404:6800:4000:1025::54:443,other,0.6521,"other 65%, instagram 11%, youtube 7%",2
2026-09-27T16:58:04,6,2405:201:c02b:6844:5f3:b70c:ee63:8e02:49156,2001:4860:4844:400:::443,other,0.5835,"other 58%, instagram 13%, youtube 8%",2
2026-09-27T16:58:04,6,2405:201:c02b:6844:5f3:b70c:ee63:8e02:59323,2404:6800:4000:1025::54:443,other,0.5142,"other 51%, youtube 10%, instagram 8%",4
2026-09-27T16:58:04,6,2405:201:c02b:6844:5f3:b70c:ee63:8e02:57944,2404:6800:4002:828::200a:443,other,0.622,"other 62%, instagram 12%, microsoft-outlook 6%",2
2026-09-27T16:58:04,6,2405:201:c02b:6844:5f3:b70c:ee63:8e02:65096,2001:4860:4846:400:::443,other,0.5708,"other 57%, youtube 11%, microsoft-outlook 9%",2
2026-09-27T16:58:04,6,2405:201:c02b:6844:5f3:b70c:ee63:8e02:62594,2001:4860:4828:7700:::443,other,0.5246,"other 52%, instagram 10%, discord 9%",8
2026-09-27T16:58:05,6,2405:201:c02b:6844:5f3:b70c:ee63:8e02:55982,2001:4860:4847:400:::443,other,0.6244,"other 62%, instagram 13%, microsoft-outlook 5%",2
2026-09-27T16:58:05,6,2405:201:c02b:6844:5f3:b70c:ee63:8e02:63564,2001:4860:4846:400:::443,other,0.5758,"other 58%, youtube 9%, instagram 9%",2
2026-09-27T16:58:05,6,2405:201:c02b:6844:5f3:b70c:ee63:8e02:56338,2404:6800:4007:83f::200e:443,other,0.6119,"other 61%, microsoft-outlook 9%, instagram 7%",2
2026-09-27T16:58:05,6,2405:201:c02b:6844:5f3:b70c:ee63:8e02:55266,2404:6800:4007:81f::200a:443,other,0.6008,"other 60%, instagram 9%, youtube 9%",2
2026-09-27T16:58:05,6,2405:201:c02b:6844:5f3:b70c:ee63:8e02:56890,2404:6800:4007:800::2001:443,other,0.4897,"other 49%, spotify 10%, youtube 9%",2
2026-09-27T16:58:05,6,2405:201:c02b:6844:5f3:b70c:ee63:8e02:50800,2404:6800:4013:811::5f:443,other,0.6115,"other 61%, microsoft-outlook 9%, youtube 9%",2
2026-09-27T16:58:05,6,2405:201:c02b:6844:5f3:b70c:ee63:8e02:62328,2404:6800:4007:81f::200a:443,other,0.5177,"other 52%, instagram 10%, discord 7%",4
2026-09-27T16:58:05,6,2405:201:c02b:6844:5f3:b70c:ee63:8e02:63773,2404:6800:4013:813::8b:443,other,0.5735,"other 57%, spotify 10%, microsoft-outlook 8%",2
2026-09-27T16:58:05,6,2405:201:c02b:6844:5f3:b70c:ee63:8e02:56730,2404:6800:4013:811::5f:443,other,0.4617,"other 46%, instagram 12%, youtube 9%",4
2026-09-27T16:58:06,6,2405:201:c02b:6844:5f3:b70c:ee63:8e02:56091,2404:6800:4013:813::71:443,other,0.621,"other 62%, instagram 11%, youtube 9%",2
2026-09-27T16:58:06,6,2405:201:c02b:6844:5f3:b70c:ee63:8e02:62517,2404:6800:4013:802::8a:443,other,0.5631,"other 56%, spotify 9%, youtube 8%",2
2026-09-27T16:58:06,6,2405:201:c02b:6844:5f3:b70c:ee63:8e02:56484,2404:6800:4007:80c::2003:443,other,0.644,"other 64%, instagram 10%, microsoft-outlook 5%",2
2026-09-27T16:58:06,6,2405:201:c02b:6844:5f3:b70c:ee63:8e02:53649,2404:6800:4002:817::2003:443,other,0.5919,"other 59%, microsoft-outlook 9%, instagram 8%",2
2026-09-27T16:58:07,6,2405:201:c02b:6844:5f3:b70c:ee63:8e02:56925,2001:4860:4826:7700:::443,other,0.5825,"other 58%, youtube 9%, microsoft-outlook 8%",2
2026-09-27T16:58:08,6,2405:201:c02b:6844:5f3:b70c:ee63:8e02:50060,2001:4860:4829:400:::443,other,0.5687,"other 57%, instagram 7%, discord 7%",4
2026-09-27T16:58:09,6,2405:201:c02b:6844:5f3:b70c:ee63:8e02:59463,2404:6800:4007:834::200e:443,other,0.5976,"other 60%, microsoft-outlook 9%, youtube 7%",2
2026-09-27T16:58:10,4,192.168.29.221:59110,192.178.158.139:443,other,0.7884,"other 79%, youtube 10%, google-play 8%",2
2026-09-27T16:58:10,6,2405:201:c02b:6844:5f3:b70c:ee63:8e02:53023,2404:6800:4013:813::71:443,other,0.3899,"other 39%, youtube 19%, instagram 9%",9
2026-09-27T16:58:10,6,2405:201:c02b:6844:5f3:b70c:ee63:8e02:64736,2001:4860:4828:7700:::443,other,0.4914,"other 49%, instagram 10%, discord 9%",6
2026-09-27T16:58:10,6,2405:201:c02b:6844:5f3:b70c:ee63:8e02:52331,2404:6800:4007:80c::2003:443,other,0.4681,"other 47%, youtube 12%, instagram 7%",6
2026-09-27T16:58:10,6,2405:201:c02b:6844:5f3:b70c:ee63:8e02:58151,2001:4860:4826:400:::443,other,0.5204,"other 52%, youtube 12%, microsoft-outlook 9%",2
2026-09-27T16:58:10,6,2405:201:c02b:6844:5f3:b70c:ee63:8e02:60598,2404:6800:4007:800::2001:443,other,0.5391,"other 54%, discord 9%, instagram 7%",7
2026-09-27T16:58:10,6,2405:201:c02b:6844:5f3:b70c:ee63:8e02:56203,2404:6800:4013:800::5e:443,other,0.5852,"other 59%, youtube 11%, microsoft-outlook 9%",3
2026-09-27T16:58:10,6,2405:201:c02b:6844:5f3:b70c:ee63:8e02:61600,2001:4860:4826:7700:::443,other,0.5138,"other 51%, instagram 10%, discord 9%",6
2026-09-27T16:58:11,6,2405:201:c02b:6844:5f3:b70c:ee63:8e02:49337,2404:6800:4002:817::2003:443,other,0.59,"other 59%, instagram 10%, youtube 8%",2
2026-09-27T16:58:12,6,2405:201:c02b:6844:5f3:b70c:ee63:8e02:58362,2404:6800:4013:813::9b:443,other,0.6173,"other 62%, instagram 9%, youtube 9%",2
2026-09-27T16:58:12,6,2405:201:c02b:6844:5f3:b70c:ee63:8e02:53787,2404:6800:4003:c00::77:443,other,0.5237,"other 52%, spotify 11%, instagram 10%",2
2026-09-27T16:58:13,6,2405:201:c02b:6844:5f3:b70c:ee63:8e02:51098,2001:4860:4829:7700:::443,other,0.5608,"other 56%, youtube 10%, instagram 9%",2
2026-09-27T16:58:14,6,2405:201:c02b:6844:5f3:b70c:ee63:8e02:61688,2001:4860:4844:400:::443,other,0.5632,"other 56%, discord 7%, facebook-web 6%",4
2026-09-27T16:58:14,6,2405:201:c02b:6844:5f3:b70c:ee63:8e02:65448,2404:6800:4007:80c::200e:443,other,0.6015,"other 60%, microsoft-outlook 8%, youtube 8%",2
2026-09-27T16:58:14,6,2405:201:c02b:6844:5f3:b70c:ee63:8e02:64013,2607:f8b0:4000:3e::6:443,other,0.5014,"other 50%, youtube 21%, microsoft-outlook 9%",2
2026-09-27T16:58:14,6,2405:201:c02b:6844:5f3:b70c:ee63:8e02:52986,2404:6800:4007:834::200e:443,other,0.5857,"other 59%, youtube 7%, instagram 7%",2
2026-09-27T16:58:14,6,2405:201:c02b:6844:5f3:b70c:ee63:8e02:58365,2404:6800:4002:827::200a:443,other,0.5981,"other 60%, youtube 9%, microsoft-outlook 9%",2
2026-09-27T16:58:14,6,2405:201:c02b:6844:5f3:b70c:ee63:8e02:58819,2404:6800:4002:831::2003:443,other,0.6145,"other 61%, microsoft-outlook 9%, youtube 8%",2
2026-09-27T16:58:17,6,2405:201:c02b:6844:5f3:b70c:ee63:8e02:55031,2404:6800:4013:813::8b:443,other,0.6098,"other 61%, microsoft-outlook 9%, youtube 7%",2
2026-09-27T16:58:18,6,2405:201:c02b:6844:5f3:b70c:ee63:8e02:53240,2404:6800:4013:813::8b:443,other,0.4116,"other 41%, youtube 18%, discord 9%",5
2026-09-27T16:58:21,6,2405:201:c02b:6844:5f3:b70c:ee63:8e02:49913,2404:6800:4013:800::5e:443,other,0.5549,"other 55%, youtube 11%, instagram 8%",2
2026-09-27T16:58:22,6,2405:201:c02b:6844:5f3:b70c:ee63:8e02:60468,2405:200:160a:1702::d:443,other,0.5539,"other 55%, youtube 18%, microsoft-outlook 8%",2
2026-09-27T16:58:22,6,2405:201:c02b:6844:5f3:b70c:ee63:8e02:52958,2405:200:161f:2934::f:443,other,0.4394,"other 44%, youtube 29%, microsoft-outlook 9%",2
2026-09-27T16:58:22,6,2405:201:c02b:6844:5f3:b70c:ee63:8e02:61023,2404:6800:4003:c02::84:443,other,0.6401,"other 64%, youtube 12%, instagram 11%",2
2026-09-27T16:58:22,4,192.168.29.221:61231,142.251.220.102:443,other,0.7665,"other 77%, youtube 12%, google-play 6%",2
2026-09-27T16:58:22,6,2405:201:c02b:6844:5f3:b70c:ee63:8e02:61273,2404:6800:4007:80c::2002:443,other,0.5753,"other 58%, instagram 11%, youtube 9%",2
2026-09-27T16:58:23,6,2405:201:c02b:6844:5f3:b70c:ee63:8e02:51667,2404:6800:4013:807::84:443,UNKNOWN,0.2957,"other 30%, youtube 28%, microsoft-outlook 14%",2
2026-09-27T16:58:23,6,2405:201:c02b:6844:5f3:b70c:ee63:8e02:61025,2404:6800:4013:807::84:443,other,0.5413,"other 54%, youtube 11%, instagram 9%",2
2026-09-27T16:58:23,6,2405:201:c02b:6844:5f3:b70c:ee63:8e02:50686,2404:6800:4007:80c::2002:443,other,0.498,"other 50%, youtube 11%, instagram 10%",2
2026-09-27T16:58:28,4,192.168.29.221:52859,192.178.177.155:443,other,0.6149,"other 61%, google-play 16%, youtube 10%",3
2026-09-27T16:58:34,6,2405:201:c02b:6844:5f3:b70c:ee63:8e02:64620,2001:4860:4846:400:::443,other,0.4982,"other 50%, youtube 12%, instagram 10%",4
2026-09-27T16:58:34,4,192.168.29.221:61667,192.178.158.139:443,other,0.9112,"other 91%, youtube 7%, google-play 2%",4
2026-09-27T16:58:42,6,2405:201:c02b:6844:5f3:b70c:ee63:8e02:57164,2405:200:1630:ff01::e:443,UNKNOWN,0.3047,"youtube 30%, microsoft-outlook 29%, other 19%",2
2026-09-27T16:58:42,6,2405:201:c02b:6844:5f3:b70c:ee63:8e02:62761,2404:6800:4013:807::84:443,other,0.4762,"other 48%, youtube 12%, instagram 8%",4
2026-09-27T16:58:54,6,2405:201:c02b:6844:5f3:b70c:ee63:8e02:51335,2405:200:160a:1702::d:443,other,0.3989,"other 40%, youtube 25%, instagram 9%",4
2026-09-27T16:59:04,6,2405:201:c02b:6844:5f3:b70c:ee63:8e02:53809,2404:6800:4007:834::200e:443,other,0.4829,"other 48%, youtube 13%, instagram 8%",4
2026-09-27T16:59:21,6,2405:201:c02b:6844:5f3:b70c:ee63:8e02:62755,2001:4860:4826:400:::443,other,0.4919,"other 49%, discord 9%, google-play 8%",4
2026-09-27T16:59:24,6,2405:201:c02b:6844:5f3:b70c:ee63:8e02:51837,2001:4860:482b:7700:::443,other,0.4717,"other 47%, youtube 12%, instagram 10%",4
2026-09-27T16:59:24,6,2405:201:c02b:6844:5f3:b70c:ee63:8e02:55875,2a03:2880:f285:d0:face:b00c:0:167:443,facebook-web,0.3554,"facebook-web 36%, whatsapp 32%, instagram 29%",3
2026-09-27T16:59:25,6,2405:201:c02b:6844:5f3:b70c:ee63:8e02:60208,2405:200:160a:1702::d:443,other,0.461,"other 46%, youtube 27%, microsoft-outlook 9%",3
2026-09-27T16:59:26,6,2405:201:c02b:6844:5f3:b70c:ee63:8e02:63257,2a03:2880:f33d:120:face:b00c:0:167:443,whatsapp,0.6559,"whatsapp 66%, instagram 18%, facebook-web 14%",2
2026-09-27T16:59:27,4,192.168.29.221:50836,142.250.183.142:443,other,0.8545,"other 85%, youtube 9%, google-play 4%",4
2026-09-27T16:59:28,6,2405:201:c02b:6844:5f3:b70c:ee63:8e02:52946,2a03:2880:f285:d0:face:b00c:0:167:443,whatsapp,0.4636,"whatsapp 46%, facebook-web 23%, instagram 17%",3
2026-09-27T17:00:13,6,2405:201:c02b:6844:5f3:b70c:ee63:8e02:49665,2404:6800:4013:813::8a:443,other,0.3803,"other 38%, youtube 20%, instagram 9%",6
2026-09-27T17:00:13,6,2405:201:c02b:6844:5f3:b70c:ee63:8e02:56993,2404:6800:4013:813::8a:443,other,0.4587,"other 46%, youtube 14%, discord 11%",7
2026-09-27T17:00:13,6,2405:201:c02b:6844:5f3:b70c:ee63:8e02:60962,2404:6800:4013:813::9b:443,other,0.3949,"other 39%, youtube 20%, discord 10%",5
2026-09-27T17:00:42,6,2405:201:c02b:6844:5f3:b70c:ee63:8e02:65224,2001:4860:4826:400:::443,other,0.5961,"other 60%, discord 7%, instagram 7%",4
2026-09-27T17:01:19,4,192.168.29.221:58329,142.251.221.110:443,other,0.7973,"other 80%, youtube 8%, google-play 7%",4
2026-09-27T17:01:47,6,2405:201:c02b:6844:5f3:b70c:ee63:8e02:56787,2001:4860:4826:7700:::443,other,0.4797,"other 48%, discord 11%, youtube 11%",4
2026-09-27T17:01:55,6,2405:201:c02b:6844:5f3:b70c:ee63:8e02:59648,2001:4860:482d:400:::443,other,0.5479,"other 55%, youtube 11%, microsoft-outlook 9%",2
2026-09-27T17:01:55,6,2405:201:c02b:6844:5f3:b70c:ee63:8e02:56681,2404:6800:4002:817::2003:443,other,0.4574,"other 46%, spotify 12%, youtube 10%",2
2026-09-27T17:01:56,6,2405:201:c02b:6844:5f3:b70c:ee63:8e02:64373,2404:6800:4013:807::9b:443,other,0.636,"other 64%, instagram 9%, youtube 8%",2
2026-09-27T17:01:56,6,2405:201:c02b:6844:5f3:b70c:ee63:8e02:62759,2001:4860:482d:7700:::443,other,0.5874,"other 59%, youtube 10%, microsoft-outlook 9%",2
2026-09-27T17:01:56,6,2405:201:c02b:6844:5f3:b70c:ee63:8e02:61208,2607:f8b0:4000:1f::9:443,other,0.5363,"other 54%, youtube 17%, microsoft-outlook 9%",2
2026-09-27T17:01:56,6,2405:201:c02b:6844:5f3:b70c:ee63:8e02:62026,2404:6800:4002:830::2003:443,other,0.6084,"other 61%, instagram 12%, youtube 7%",2
2026-09-27T17:01:57,4,192.168.29.221:58503,142.250.205.6:443,other,0.9434,"other 94%, youtube 5%, spotify 0%",2
2026-09-27T17:01:57,6,2405:201:c02b:6844:5f3:b70c:ee63:8e02:59341,2404:6800:4003:c06::77:443,other,0.5558,"other 56%, youtube 12%, microsoft-outlook 11%",2
2026-09-27T17:01:57,6,2405:201:c02b:6844:5f3:b70c:ee63:8e02:56702,2404:6800:4002:827::200a:443,other,0.6121,"other 61%, youtube 10%, instagram 10%",2
2026-09-27T17:01:57,6,2405:201:c02b:6844:5f3:b70c:ee63:8e02:62767,2404:6800:4007:83e::2003:443,other,0.5536,"other 55%, instagram 12%, youtube 11%",2
2026-09-27T17:01:59,6,2405:201:c02b:6844:5f3:b70c:ee63:8e02:58150,2404:6800:4007:804::200e:443,other,0.5269,"other 53%, youtube 14%, instagram 9%",2
2026-09-27T17:01:59,6,2405:201:c02b:6844:5f3:b70c:ee63:8e02:51861,2405:200:160a:1702::d:443,other,0.5119,"other 51%, youtube 21%, microsoft-outlook 9%",2
2026-09-27T17:02:01,6,2405:201:c02b:6844:5f3:b70c:ee63:8e02:53476,2a03:2880:f33d:120:face:b00c:0:167:443,facebook-web,0.4014,"facebook-web 40%, whatsapp 32%, instagram 25%",2
2026-09-27T17:02:03,6,2405:201:c02b:6844:5f3:b70c:ee63:8e02:56933,2404:6800:4013:800::84:443,other,0.5233,"other 52%, instagram 11%, spotify 11%",2
2026-09-27T17:02:03,6,2405:201:c02b:6844:5f3:b70c:ee63:8e02:51020,2404:6800:4003:c00::84:443,other,0.611,"other 61%, youtube 12%, instagram 11%",2
2026-09-27T17:02:04,6,2405:201:c02b:6844:5f3:b70c:ee63:8e02:55824,2404:6800:4007:80c::2002:443,other,0.6334,"other 63%, instagram 12%, youtube 6%",2
2026-09-27T17:02:04,6,2405:201:c02b:6844:5f3:b70c:ee63:8e02:55070,2001:4860:4844:400:::443,other,0.5659,"other 57%, youtube 14%, instagram 7%",2
2026-09-27T17:02:04,6,2405:201:c02b:6844:5f3:b70c:ee63:8e02:53738,2404:6800:4013:800::84:443,other,0.5472,"other 55%, instagram 11%, youtube 9%",2
2026-09-27T17:02:04,6,2405:201:c02b:6844:5f3:b70c:ee63:8e02:49665,2404:6800:4007:80c::2002:443,other,0.4428,"other 44%, youtube 19%, instagram 10%",2
2026-09-27T17:02:08,6,2405:201:c02b:6844:5f3:b70c:ee63:8e02:49866,2405:200:160a:1702::d:443,other,0.4408,"other 44%, youtube 26%, instagram 8%",4
2026-09-27T17:02:08,6,2405:201:c02b:6844:5f3:b70c:ee63:8e02:61453,2405:200:160a:1702::e:443,youtube,0.4019,"youtube 40%, other 27%, microsoft-outlook 11%",2
2026-09-27T17:02:08,6,2405:201:c02b:6844:5f3:b70c:ee63:8e02:52362,2404:6800:4007:11::3:443,other,0.4508,"other 45%, youtube 18%, microsoft-outlook 11%",2
2026-09-27T17:02:08,6,2405:201:c02b:6844:5f3:b70c:ee63:8e02:55495,2607:f8b0:4000:11::8:443,other,0.561,"other 56%, youtube 15%, instagram 12%",2
2026-09-27T17:02:08,4,192.168.29.221:63643,142.250.29.154:443,other,0.9603,"other 96%, youtube 3%, google-play 1%",2
2026-09-27T17:02:11,6,2405:201:c02b:6844:5f3:b70c:ee63:8e02:63739,2a00:1450:400e:1a::9:443,other,0.5077,"other 51%, youtube 16%, microsoft-outlook 14%",3
2026-09-27T17:02:21,6,2405:201:c02b:6844:5f3:b70c:ee63:8e02:58400,2404:6800:4003:c04::65:443,other,0.5709,"other 57%, youtube 11%, instagram 9%",2
2026-09-27T17:03:05,6,2405:201:c02b:6844:5f3:b70c:ee63:8e02:58926,2404:6800:4013:807::9b:443,other,0.4457,"other 45%, youtube 14%, discord 12%",7
2026-09-27T17:03:05,6,2405:201:c02b:6844:5f3:b70c:ee63:8e02:64666,2404:6800:4013:813::64:443,other,0.3931,"other 39%, youtube 20%, discord 10%",5
2026-09-27T17:03:06,6,2405:201:c02b:6844:5f3:b70c:ee63:8e02:59905,2405:200:160a:1702::d:443,youtube,0.3957,"youtube 40%, other 24%, instagram 11%",4
2026-09-27T17:03:27,6,2405:201:c02b:6844:5f3:b70c:ee63:8e02:56406,2a03:2880:f33d:120:face:b00c:0:167:443,instagram,0.4297,"instagram 43%, whatsapp 30%, facebook-web 24%",3
2026-09-27T17:04:28,6,2405:201:c02b:6844:5f3:b70c:ee63:8e02:65326,2a03:2880:f315:120:face:b00c:0:167:443,instagram,0.4361,"instagram 44%, whatsapp 20%, facebook-web 19%",6
2026-09-27T17:04:32,6,2405:201:c02b:6844:5f3:b70c:ee63:8e02:57292,2001:4860:4826:7700:::443,other,0.4603,"other 46%, youtube 14%, discord 11%",6
2026-09-27T17:04:32,6,2405:201:c02b:6844:5f3:b70c:ee63:8e02:50101,2404:6800:4003:c1a::77:443,other,0.392,"other 39%, youtube 22%, instagram 10%",7
2026-09-27T17:04:36,4,192.168.29.221:50999,142.250.207.78:443,other,0.7808,"other 78%, google-play 10%, youtube 6%",4
2026-09-27T17:30:21,6,2405:201:c02b:6844:5f3:b70c:ee63:8e02:50581,2405:200:160a:1702::d:443,other,0.4924,"other 49%, youtube 18%, discord 10%",4
2026-09-27T17:30:36,6,2405:201:c02b:6844:5f3:b70c:ee63:8e02:62183,2a03:2880:f315:120:face:b00c:0:167:443,instagram,0.3877,"instagram 39%, whatsapp 35%, facebook-web 17%",5
2026-09-27T17:30:54,6,2405:201:c02b:6844:5f3:b70c:ee63:8e02:52019,2404:6800:4007:804::200e:443,other,0.6193,"other 62%, discord 7%, youtube 6%",4
2026-09-27T17:31:13,6,2405:201:c02b:6844:5f3:b70c:ee63:8e02:57390,2001:4860:482d:400:::443,other,0.4394,"other 44%, youtube 22%, discord 8%",4
2026-09-27T17:31:37,6,2405:201:c02b:6844:5f3:b70c:ee63:8e02:59193,2a03:2880:f285:d0:face:b00c:0:167:443,whatsapp,0.4383,"whatsapp 44%, instagram 28%, facebook-web 18%",4
2026-09-27T17:32:40,6,2405:201:c02b:6844:5f3:b70c:ee63:8e02:52250,2405:200:1630:b0a::e:443,other,0.6316,"other 63%, youtube 12%, microsoft-outlook 10%",2
2026-09-27T17:32:40,6,2405:201:c02b:6844:5f3:b70c:ee63:8e02:60754,2404:6800:4002:831::2002:443,other,0.4675,"other 47%, youtube 14%, discord 10%",6
2026-09-27T17:32:40,6,2405:201:c02b:6844:5f3:b70c:ee63:8e02:63527,2404:6800:4007:834::2001:443,other,0.6078,"other 61%, youtube 9%, google-play 7%",5
2026-09-27T17:32:41,6,2405:201:c02b:6844:5f3:b70c:ee63:8e02:54238,2404:6800:4003:c06::84:443,other,0.3796,"other 38%, youtube 24%, discord 9%",5
2026-09-27T17:32:41,6,2405:201:c02b:6844:5f3:b70c:ee63:8e02:57313,2404:6800:4003:c06::77:443,other,0.4239,"other 42%, youtube 24%, discord 7%",5
2026-09-27T17:32:51,6,2405:201:c02b:6844:5f3:b70c:ee63:8e02:62490,2001:4860:4827:7700:::443,other,0.4462,"other 45%, youtube 19%, discord 10%",9
2026-09-27T17:33:32,6,2405:201:c02b:6844:5f3:b70c:ee63:8e02:55253,2001:4860:4827:400:::443,other,0.4638,"other 46%, youtube 16%, discord 9%",4
2026-09-27T17:34:52,6,2405:201:c02b:6844:5f3:b70c:ee63:8e02:59538,2001:4860:4827:400:::443,other,0.5073,"other 51%, youtube 12%, google-play 7%",4
2026-09-27T17:35:32,6,2405:201:c02b:6844:5f3:b70c:ee63:8e02:58605,2001:4860:4827:400:::443,other,0.4071,"other 41%, youtube 25%, discord 10%",4
2026-09-27T17:38:12,6,2405:201:c02b:6844:5f3:b70c:ee63:8e02:50693,2001:4860:4826:400:::443,other,0.4069,"other 41%, youtube 24%, discord 10%",4
2026-09-27T17:38:44,6,2405:201:c02b:6844:5f3:b70c:ee63:8e02:64800,2405:200:1630:bff::f:443,other,0.6526,"other 65%, youtube 12%, microsoft-outlook 6%",2
2026-09-27T17:38:44,6,2405:201:c02b:6844:5f3:b70c:ee63:8e02:54791,2404:6800:4007:835::2001:443,other,0.5686,"other 57%, youtube 9%, discord 7%",5
2026-09-27T17:38:44,6,2405:201:c02b:6844:5f3:b70c:ee63:8e02:55474,2404:6800:4002:831::2002:443,other,0.4224,"other 42%, youtube 21%, discord 7%",6
2026-09-27T17:38:45,6,2405:201:c02b:6844:5f3:b70c:ee63:8e02:49387,2404:6800:4003:c06::77:443,other,0.5085,"other 51%, youtube 13%, discord 9%",5
2026-09-27T17:38:45,6,2405:201:c02b:6844:5f3:b70c:ee63:8e02:54113,2404:6800:4003:c01::84:443,other,0.4363,"other 44%, youtube 18%, discord 10%",5
2026-09-27T17:39:31,6,2405:201:c02b:6844:5f3:b70c:ee63:8e02:55941,2001:4860:4826:400:::443,other,0.4888,"other 49%, youtube 14%, discord 9%",4
2026-09-27T17:40:55,6,2405:201:c02b:6844:5f3:b70c:ee63:8e02:50804,2404:6800:4007:804::200e:443,other,0.4628,"other 46%, youtube 17%, instagram 6%",4
2026-09-27T17:41:02,6,2405:201:c02b:6844:5f3:b70c:ee63:8e02:61582,2404:6800:4007:804::2002:443,other,0.615,"other 61%, discord 9%, instagram 7%",5
2026-09-27T17:42:18,6,2405:201:c02b:6844:5f3:b70c:ee63:8e02:50481,2001:4860:482d:400:::443,other,0.4322,"other 43%, youtube 22%, discord 10%",4
2026-09-27T17:43:42,6,2405:201:c02b:6844:5f3:b70c:ee63:8e02:50290,2001:4860:482d:400:::443,other,0.5171,"other 52%, youtube 13%, discord 8%",4
